id;apellido;fechaHora
CITA-043;Martínez;2025-03-01T09:43
CITA-088;Morales;2025-03-01T14:16
CITA-006;León;2025-03-01T16:12
CITA-094;Castro;2025-03-02T08:37
CITA-029;Rodríguez;2025-03-02T13:25
CITA-019;Zambrano;2025-03-03T08:42
CITA-038;Castillo;2025-03-03T08:55
CITA-085;Guerrero;2025-03-03T11:10
CITA-030;Rojas;2025-03-03T11:58
CITA-070;Castro;2025-03-03T16:15
CITA-036;Díaz;2025-03-14T17:25
CITA-001;Suárez;2025-03-04T08:47
CITA-012;Castro;2025-03-04T09:24
CITA-079;López;2025-03-04T11:12
CITA-054;Guerrero;2025-03-04T13:56
CITA-003;Pérez;2025-03-04T16:05
CITA-039;Ramírez;2025-03-05T10:50
CITA-034;Rojas;2025-03-05T11:47
CITA-011;Rojas;2025-03-05T11:48
CITA-059;Vargas;2025-03-05T15:35
CITA-072;Romero;2025-03-05T17:36
CITA-097;López;2025-03-06T09:38
CITA-081;Mendoza;2025-03-06T12:29
CITA-010;García;2025-03-06T14:21
CITA-046;Mendoza;2025-03-06T15:00
CITA-026;Silva;2025-03-06T15:24
CITA-062;Romero;2025-03-25T11:45
CITA-048;Sánchez;2025-03-06T16:58
CITA-092;Molina;2025-03-07T08:37
CITA-074;Mendoza;2025-03-07T09:06
CITA-005;Cedeño;2025-03-07T11:32
CITA-067;Díaz;2025-03-08T08:04
CITA-065;Silva;2025-03-08T09:21
CITA-028;Acosta;2025-03-11T08:14
CITA-037;Ortiz;2025-03-08T10:32
CITA-002;Rojas;2025-03-08T11:08
CITA-073;Castillo;2025-03-08T15:51
CITA-056;Naranjo;2025-03-08T17:05
CITA-042;Jiménez;2025-03-09T16:55
CITA-060;Torres;2025-03-09T16:55
CITA-021;López;2025-03-08T09:24
CITA-045;Suárez;2025-03-11T09:18
CITA-051;Vargas;2025-03-12T10:34
CITA-023;Ortiz;2025-03-12T11:42
CITA-013;Ramírez;2025-03-12T13:38
CITA-018;López;2025-03-12T17:12
CITA-087;López;2025-03-13T08:10
CITA-063;Molina;2025-03-13T13:28
CITA-041;Morales;2025-03-13T17:29
CITA-004;Díaz;2025-03-14T08:01
CITA-061;León;2025-03-14T11:59
CITA-075;Acosta;2025-03-14T13:27
CITA-040;Acosta;2025-03-14T17:04
CITA-016;Morales;2025-03-03T16:18
CITA-076;Mendoza;2025-03-15T08:43
CITA-022;Rojas;2025-03-15T13:10
CITA-008;Silva;2025-03-15T17:17
CITA-091;Zambrano;2025-03-16T10:12
CITA-032;Suárez;2025-03-16T14:56
CITA-086;Mendoza;2025-03-16T15:13
CITA-064;Gómez;2025-03-17T15:07
CITA-095;Castillo;2025-03-17T16:10
CITA-050;Suárez;2025-03-17T17:12
CITA-093;Pérez;2025-03-18T08:47
CITA-015;Reyes;2025-03-18T09:59
CITA-035;Romero;2025-03-18T12:47
CITA-068;Zambrano;2025-03-21T08:14
CITA-080;Flores;2025-03-18T15:08
CITA-031;Martínez;2025-03-19T13:13
CITA-066;Guerrero;2025-03-19T16:14
CITA-100;Díaz;2025-03-20T08:39
CITA-053;Guerrero;2025-03-20T13:31
CITA-044;Gómez;2025-03-18T12:49
CITA-077;Suárez;2025-03-21T09:03
CITA-057;Cedeño;2025-03-24T15:52
CITA-007;Zambrano;2025-03-21T16:26
CITA-084;Naranjo;2025-03-21T16:53
CITA-017;Rodríguez;2025-03-21T17:56
CITA-098;Cedeño;2025-03-22T11:25
CITA-071;Rojas;2025-03-22T15:13
CITA-024;Rojas;2025-03-23T09:38
CITA-090;Mendoza;2025-03-23T16:42
CITA-047;Martínez;2025-03-24T12:32
CITA-078;Morales;2025-03-24T13:51
CITA-033;González;2025-03-21T15:09
CITA-025;Suárez;2025-03-06T16:46
CITA-020;Silva;2025-03-25T12:05
CITA-058;Cedeño;2025-03-25T16:49
CITA-052;Martínez;2025-03-25T16:58
CITA-014;Rojas;2025-03-26T08:46
CITA-055;Rodríguez;2025-03-26T12:15
CITA-089;González;2025-03-26T15:18
CITA-009;García;2025-03-28T08:48
CITA-082;Silva;2025-03-28T09:28
CITA-049;Ramírez;2025-03-28T12:53
CITA-083;García;2025-03-28T16:06
CITA-069;Cedeño;2025-03-29T08:55
CITA-027;Rojas;2025-03-30T16:14
CITA-096;Naranjo;2025-03-31T16:05
CITA-099;Ramírez;2025-03-31T17:15
